period,usd_change_pct,us_10y_yield_change_bps,gold_return_pct
1W,0.0007505591085028573,0.0,0.008135425265317187
4W,-0.00790262910349393,13.399982452392578,0.0644790783422895
12W,0.009762611220362816,3.2000064849853516,0.15170582132109955
12M,-0.0863518185085721,-46.79999351501465,0.6481618296327567
