period,usd_change_pct,us_10y_yield_change_bps,gold_return_pct
1W,0.0026525417785643324,2.6999950408935547,-0.041896374809320513
4W,-0.007172432566871612,2.4000167846679688,0.01683129585271015
12W,-0.007072181793249865,11.19999885559082,0.11313653039744676
12M,-0.09793481842880825,-43.30000877380371,0.6367653308824828
