{
  "asof": "2025-12-17",
  "regime": "USD strengthening · Yields falling",
  "dxy_mom_1w": -0.00018290387622077464,
  "dxy_mom_4w": -0.017947659368325986,
  "dxy_mom_12w": 0.0023637519581658495,
  "dxy_mom_12m": -0.08583905153910376,
  "y10_chg_1w_bps": -4.29997444152832,
  "y10_chg_4w_bps": 8.799982070922852,
  "y10_chg_12w_bps": -3.599977493286133,
  "y10_chg_12m_bps": -37.30001449584961,
  "gld_ret_1w": 0.02632057852011127,
  "gld_ret_4w": 0.07437108866504127,
  "gld_ret_12w": 0.18970864177953062,
  "gld_ret_12m": 0.6368369457601784,
  "gld_dd_12m": -0.009574563834803373
}